Workbook

Sheet Petunjuk
B2: Templat Raport TPQ — gratis dari SantriOnline
B3: Boleh dipakai, diubah, dan dibagikan untuk TPQ mana pun. Tanpa makro, tanpa kata sandi.
B5: 1. Isi lembar "Identitas": nama TPQ, semester, tahun ajaran, nama kepala TPQ dan wali kelas.
B6: 2. Isi lembar "Nilai": satu baris satu santri. Nilai 0–100. Rata-rata dan predikat terisi sendiri.
B7: 3. Buka lembar "Rapor", ketik nomor urut santri di sel kuning C3, lalu cetak (A4, tegak).
B8: 4. Ulangi langkah 3 untuk santri berikutnya. Tidak perlu mengetik ulang apa pun.
B9: Baris contoh (No. 1, "Ahmad Fauzan") boleh dihapus atau ditimpa.
B11: Arti warna
B12: Sel kuning | D12: Diisi guru/pengurus.
B13: Sel putih/hijau | D13: Rumus otomatis — jangan diketik manual.
B15: Ambang predikat (boleh diubah sesuai kebijakan TPQ)
B16: Predikat | C16: Nilai minimal | D16: Keterangan
B17: Mumtaz | C17: 90 | D17: Istimewa — lancar, hampir tanpa kesalahan.
B18: Jayyid Jiddan | C18: 80 | D18: Sangat baik.
B19: Jayyid | C19: 70 | D19: Baik.
B20: Maqbul | C20: 60 | D20: Cukup — perlu penguatan.
B21: Perlu bimbingan | C21: 0 | D21: Belum mencapai batas cukup; ulangi bersama guru.
B23: Ingin rapor tersusun sendiri dari catatan setoran harian, dan bisa dilihat wali dari HP?
B24: Coba aplikasi SantriOnline untuk TPQ (gratis): https://santrionline.com/aplikasi-raport-tpq

Sheet Identitas
B2: Identitas TPQ & Semester
B4: Nama TPQ | C4: TPQ Al-Hidayah
B5: Alamat | C5: Jl. Masjid No. 1, Desa ...
B6: Semester | C6: Ganjil
B7: Tahun ajaran | C7: 2026/2027
B8: Kepala TPQ | C8: Ust. ...
B9: Wali kelas / ustadz | C9: Ust. ...
B10: Tempat & tanggal rapor | C10: Batu, 20 Desember 2026

Sheet Nilai
A1: Nilai santri — isi sel kuning; kolom Rata-rata & Predikat otomatis
A3: No | B3: Nama santri | C3: NIS | D3: Jilid / kelas | E3: Kelancaran membaca (tartil) | F3: Tajwid | G3: Makharijul huruf | H3: Hafalan surat pendek | I3: Hafalan doa harian | J3: Praktik wudhu & shalat | K3: Menulis huruf Arab | L3: Rata-rata | M3: Predikat | N3: Sakit | O3: Izin | P3: Alpa | Q3: Adab (A/B/C) | R3: Catatan ustadz
A4: 1 | B4: Ahmad Fauzan | C4: 2026-001 | D4: Jilid 4 | E4: 85 | F4: 80 | G4: 82 | H4: 90 | I4: 88 | J4: 86 | K4: 78 | L4: =IF(COUNT(E4:K4)=0,"",ROUND(AVERAGE(E4:K4),1)) | M4: =IF(L4="","",IF(L4>=Petunjuk!$C$17,Petunjuk!$B$17,IF(L4>=Petunjuk!$C$18,Petunjuk!$B$18,IF(L4>=Petunjuk!$C$19,Petunjuk!$B$19,IF(L4>=Petunjuk!$C$20,Petunjuk!$B$20,Petunjuk!$B$21))))) | N4: 1 | O4: 0 | P4: 0 | Q4: A | R4: Bacaan sudah lancar; perhatikan panjang mad thabi'i.
A5: 2 | L5: =IF(COUNT(E5:K5)=0,"",ROUND(AVERAGE(E5:K5),1)) | M5: =IF(L5="","",IF(L5>=Petunjuk!$C$17,Petunjuk!$B$17,IF(L5>=Petunjuk!$C$18,Petunjuk!$B$18,IF(L5>=Petunjuk!$C$19,Petunjuk!$B$19,IF(L5>=Petunjuk!$C$20,Petunjuk!$B$20,Petunjuk!$B$21)))))
A6: 3 | L6: =IF(COUNT(E6:K6)=0,"",ROUND(AVERAGE(E6:K6),1)) | M6: =IF(L6="","",IF(L6>=Petunjuk!$C$17,Petunjuk!$B$17,IF(L6>=Petunjuk!$C$18,Petunjuk!$B$18,IF(L6>=Petunjuk!$C$19,Petunjuk!$B$19,IF(L6>=Petunjuk!$C$20,Petunjuk!$B$20,Petunjuk!$B$21)))))
A7: 4 | L7: =IF(COUNT(E7:K7)=0,"",ROUND(AVERAGE(E7:K7),1)) | M7: =IF(L7="","",IF(L7>=Petunjuk!$C$17,Petunjuk!$B$17,IF(L7>=Petunjuk!$C$18,Petunjuk!$B$18,IF(L7>=Petunjuk!$C$19,Petunjuk!$B$19,IF(L7>=Petunjuk!$C$20,Petunjuk!$B$20,Petunjuk!$B$21)))))
A8: 5 | L8: =IF(COUNT(E8:K8)=0,"",ROUND(AVERAGE(E8:K8),1)) | M8: =IF(L8="","",IF(L8>=Petunjuk!$C$17,Petunjuk!$B$17,IF(L8>=Petunjuk!$C$18,Petunjuk!$B$18,IF(L8>=Petunjuk!$C$19,Petunjuk!$B$19,IF(L8>=Petunjuk!$C$20,Petunjuk!$B$20,Petunjuk!$B$21)))))
A9: 6 | L9: =IF(COUNT(E9:K9)=0,"",ROUND(AVERAGE(E9:K9),1)) | M9: =IF(L9="","",IF(L9>=Petunjuk!$C$17,Petunjuk!$B$17,IF(L9>=Petunjuk!$C$18,Petunjuk!$B$18,IF(L9>=Petunjuk!$C$19,Petunjuk!$B$19,IF(L9>=Petunjuk!$C$20,Petunjuk!$B$20,Petunjuk!$B$21)))))
A10: 7 | L10: =IF(COUNT(E10:K10)=0,"",ROUND(AVERAGE(E10:K10),1)) | M10: =IF(L10="","",IF(L10>=Petunjuk!$C$17,Petunjuk!$B$17,IF(L10>=Petunjuk!$C$18,Petunjuk!$B$18,IF(L10>=Petunjuk!$C$19,Petunjuk!$B$19,IF(L10>=Petunjuk!$C$20,Petunjuk!$B$20,Petunjuk!$B$21)))))
A11: 8 | L11: =IF(COUNT(E11:K11)=0,"",ROUND(AVERAGE(E11:K11),1)) | M11: =IF(L11="","",IF(L11>=Petunjuk!$C$17,Petunjuk!$B$17,IF(L11>=Petunjuk!$C$18,Petunjuk!$B$18,IF(L11>=Petunjuk!$C$19,Petunjuk!$B$19,IF(L11>=Petunjuk!$C$20,Petunjuk!$B$20,Petunjuk!$B$21)))))
A12: 9 | L12: =IF(COUNT(E12:K12)=0,"",ROUND(AVERAGE(E12:K12),1)) | M12: =IF(L12="","",IF(L12>=Petunjuk!$C$17,Petunjuk!$B$17,IF(L12>=Petunjuk!$C$18,Petunjuk!$B$18,IF(L12>=Petunjuk!$C$19,Petunjuk!$B$19,IF(L12>=Petunjuk!$C$20,Petunjuk!$B$20,Petunjuk!$B$21)))))
A13: 10 | L13: =IF(COUNT(E13:K13)=0,"",ROUND(AVERAGE(E13:K13),1)) | M13: =IF(L13="","",IF(L13>=Petunjuk!$C$17,Petunjuk!$B$17,IF(L13>=Petunjuk!$C$18,Petunjuk!$B$18,IF(L13>=Petunjuk!$C$19,Petunjuk!$B$19,IF(L13>=Petunjuk!$C$20,Petunjuk!$B$20,Petunjuk!$B$21)))))
A14: 11 | L14: =IF(COUNT(E14:K14)=0,"",ROUND(AVERAGE(E14:K14),1)) | M14: =IF(L14="","",IF(L14>=Petunjuk!$C$17,Petunjuk!$B$17,IF(L14>=Petunjuk!$C$18,Petunjuk!$B$18,IF(L14>=Petunjuk!$C$19,Petunjuk!$B$19,IF(L14>=Petunjuk!$C$20,Petunjuk!$B$20,Petunjuk!$B$21)))))
A15: 12 | L15: =IF(COUNT(E15:K15)=0,"",ROUND(AVERAGE(E15:K15),1)) | M15: =IF(L15="","",IF(L15>=Petunjuk!$C$17,Petunjuk!$B$17,IF(L15>=Petunjuk!$C$18,Petunjuk!$B$18,IF(L15>=Petunjuk!$C$19,Petunjuk!$B$19,IF(L15>=Petunjuk!$C$20,Petunjuk!$B$20,Petunjuk!$B$21)))))
A16: 13 | L16: =IF(COUNT(E16:K16)=0,"",ROUND(AVERAGE(E16:K16),1)) | M16: =IF(L16="","",IF(L16>=Petunjuk!$C$17,Petunjuk!$B$17,IF(L16>=Petunjuk!$C$18,Petunjuk!$B$18,IF(L16>=Petunjuk!$C$19,Petunjuk!$B$19,IF(L16>=Petunjuk!$C$20,Petunjuk!$B$20,Petunjuk!$B$21)))))
... A43: 40 | L43: =IF(COUNT(E43:K43)=0,"",ROUND(AVERAGE(E43:K43),1)) | M43: =IF(L43="","",IF(L43>=Petunjuk!$C$17,Petunjuk!$B$17,IF(L43>=Petunjuk!$C$18,Petunjuk!$B$18,IF(L43>=Petunjuk!$C$19,Petunjuk!$B$19,IF(L43>=Petunjuk!$C$20,Petunjuk!$B$20,Petunjuk!$B$21)))))

Sheet Rapor
B3: Nomor urut santri → | C3: 1 | D3: (ketik nomor dari lembar Nilai, lalu cetak)
B5: =UPPER(Identitas!$C$4)
B6: =Identitas!$C$5
B7: LAPORAN HASIL BELAJAR SANTRI
B9: Nama santri | C9: =IFERROR(INDEX(Nilai!$A$4:$R$43,MATCH($C$3,Nilai!$A$4:$A$43,0),2)&"","")
B10: NIS | C10: =IFERROR(INDEX(Nilai!$A$4:$R$43,MATCH($C$3,Nilai!$A$4:$A$43,0),3)&"","")
B11: Jilid / kelas | C11: =IFERROR(INDEX(Nilai!$A$4:$R$43,MATCH($C$3,Nilai!$A$4:$A$43,0),4)&"","")
B12: Semester / tahun ajaran | C12: =Identitas!$C$6&" / "&Identitas!$C$7
B14: Aspek yang dinilai | C14: Nilai | D14: Predikat
B15: Kelancaran membaca (tartil) | C15: =IFERROR(IF(INDEX(Nilai!$A$4:$R$43,MATCH($C$3,Nilai!$A$4:$A$43,0),5)="","",INDEX(Nilai!$A$4:$R$43,MATCH($C$3,Nilai!$A$4:$A$43,0),5)),"") | D15: =IF(C15="","",IF(C15>=Petunjuk!$C$17,Petunjuk!$B$17,IF(C15>=Petunjuk!$C$18,Petunjuk!$B$18,IF(C15>=Petunjuk!$C$19,Petunjuk!$B$19,IF(C15>=Petunjuk!$C$20,Petunjuk!$B$20,Petunjuk!$B$21)))))
B16: Tajwid | C16: =IFERROR(IF(INDEX(Nilai!$A$4:$R$43,MATCH($C$3,Nilai!$A$4:$A$43,0),6)="","",INDEX(Nilai!$A$4:$R$43,MATCH($C$3,Nilai!$A$4:$A$43,0),6)),"") | D16: =IF(C16="","",IF(C16>=Petunjuk!$C$17,Petunjuk!$B$17,IF(C16>=Petunjuk!$C$18,Petunjuk!$B$18,IF(C16>=Petunjuk!$C$19,Petunjuk!$B$19,IF(C16>=Petunjuk!$C$20,Petunjuk!$B$20,Petunjuk!$B$21)))))
B17: Makharijul huruf | C17: =IFERROR(IF(INDEX(Nilai!$A$4:$R$43,MATCH($C$3,Nilai!$A$4:$A$43,0),7)="","",INDEX(Nilai!$A$4:$R$43,MATCH($C$3,Nilai!$A$4:$A$43,0),7)),"") | D17: =IF(C17="","",IF(C17>=Petunjuk!$C$17,Petunjuk!$B$17,IF(C17>=Petunjuk!$C$18,Petunjuk!$B$18,IF(C17>=Petunjuk!$C$19,Petunjuk!$B$19,IF(C17>=Petunjuk!$C$20,Petunjuk!$B$20,Petunjuk!$B$21)))))
B18: Hafalan surat pendek | C18: =IFERROR(IF(INDEX(Nilai!$A$4:$R$43,MATCH($C$3,Nilai!$A$4:$A$43,0),8)="","",INDEX(Nilai!$A$4:$R$43,MATCH($C$3,Nilai!$A$4:$A$43,0),8)),"") | D18: =IF(C18="","",IF(C18>=Petunjuk!$C$17,Petunjuk!$B$17,IF(C18>=Petunjuk!$C$18,Petunjuk!$B$18,IF(C18>=Petunjuk!$C$19,Petunjuk!$B$19,IF(C18>=Petunjuk!$C$20,Petunjuk!$B$20,Petunjuk!$B$21)))))
B19: Hafalan doa harian | C19: =IFERROR(IF(INDEX(Nilai!$A$4:$R$43,MATCH($C$3,Nilai!$A$4:$A$43,0),9)="","",INDEX(Nilai!$A$4:$R$43,MATCH($C$3,Nilai!$A$4:$A$43,0),9)),"") | D19: =IF(C19="","",IF(C19>=Petunjuk!$C$17,Petunjuk!$B$17,IF(C19>=Petunjuk!$C$18,Petunjuk!$B$18,IF(C19>=Petunjuk!$C$19,Petunjuk!$B$19,IF(C19>=Petunjuk!$C$20,Petunjuk!$B$20,Petunjuk!$B$21)))))
B20: Praktik wudhu & shalat | C20: =IFERROR(IF(INDEX(Nilai!$A$4:$R$43,MATCH($C$3,Nilai!$A$4:$A$43,0),10)="","",INDEX(Nilai!$A$4:$R$43,MATCH($C$3,Nilai!$A$4:$A$43,0),10)),"") | D20: =IF(C20="","",IF(C20>=Petunjuk!$C$17,Petunjuk!$B$17,IF(C20>=Petunjuk!$C$18,Petunjuk!$B$18,IF(C20>=Petunjuk!$C$19,Petunjuk!$B$19,IF(C20>=Petunjuk!$C$20,Petunjuk!$B$20,Petunjuk!$B$21)))))
B21: Menulis huruf Arab | C21: =IFERROR(IF(INDEX(Nilai!$A$4:$R$43,MATCH($C$3,Nilai!$A$4:$A$43,0),11)="","",INDEX(Nilai!$A$4:$R$43,MATCH($C$3,Nilai!$A$4:$A$43,0),11)),"") | D21: =IF(C21="","",IF(C21>=Petunjuk!$C$17,Petunjuk!$B$17,IF(C21>=Petunjuk!$C$18,Petunjuk!$B$18,IF(C21>=Petunjuk!$C$19,Petunjuk!$B$19,IF(C21>=Petunjuk!$C$20,Petunjuk!$B$20,Petunjuk!$B$21)))))
B22: Rata-rata | C22: =IFERROR(IF(INDEX(Nilai!$A$4:$R$43,MATCH($C$3,Nilai!$A$4:$A$43,0),12)="","",INDEX(Nilai!$A$4:$R$43,MATCH($C$3,Nilai!$A$4:$A$43,0),12)),"") | D22: =IFERROR(INDEX(Nilai!$A$4:$R$43,MATCH($C$3,Nilai!$A$4:$A$43,0),13)&"","")
B24: Kehadiran & adab
B25: Sakit (hari) | C25: =IFERROR(IF(INDEX(Nilai!$A$4:$R$43,MATCH($C$3,Nilai!$A$4:$A$43,0),14)="","",INDEX(Nilai!$A$4:$R$43,MATCH($C$3,Nilai!$A$4:$A$43,0),14)),"")
B26: Izin (hari) | C26: =IFERROR(IF(INDEX(Nilai!$A$4:$R$43,MATCH($C$3,Nilai!$A$4:$A$43,0),15)="","",INDEX(Nilai!$A$4:$R$43,MATCH($C$3,Nilai!$A$4:$A$43,0),15)),"")
B27: Alpa (hari) | C27: =IFERROR(IF(INDEX(Nilai!$A$4:$R$43,MATCH($C$3,Nilai!$A$4:$A$43,0),16)="","",INDEX(Nilai!$A$4:$R$43,MATCH($C$3,Nilai!$A$4:$A$43,0),16)),"")
B28: Adab | C28: =IFERROR(INDEX(Nilai!$A$4:$R$43,MATCH($C$3,Nilai!$A$4:$A$43,0),17)&"","")
B30: Catatan ustadz
B31: =IFERROR(INDEX(Nilai!$A$4:$R$43,MATCH($C$3,Nilai!$A$4:$A$43,0),18)&"","")
E35: =Identitas!$C$10
B36: Mengetahui, Kepala TPQ | C36: Orang tua / wali | E36: Wali kelas / ustadz
B40: =Identitas!$C$8 | C40: (....................) | E40: =Identitas!$C$9
B42: Templat gratis dari santrionline.com — rapor otomatis dari setoran harian: santrionline.com/aplikasi-raport-tpq
